Ticker,ETF naam,Huidige waarde,Verschil tot piek (12m),Stijging (4m),Stijging (12m),Stijging (5y)
LYP6.DE,Amundi Core Stoxx Europe 600 UCITS ETF Acc,€308.50,€-16.85 (-5.18%),1.75%,11.96%,37.88%
IBC3.DE,iShares Core MSCI EM IMI UCITS ETF USD (Dist),€6.46,€-0.37 (-5.41%),4.43%,25.56%,37.62%
ESIT.DE,iShares MSCI Europe Information Technology Sector UCITS ETF,€12.23,€-0.65 (-5.06%),1.26%,47.33%,78.77%
EX25.VI,iShares STOXX Europe 600 UCITS ETF (DE) EUR (Dist),€61.95,€-4.04 (-6.12%),-0.48%,1.09%,1.09%
VWCE.DE,Vanguard FTSE All-World UCITS ETF USD Accumulation,€171.90,€-1.66 (-0.96%),7.95%,20.08%,76.38%
IS3R.DE,iShares Edge MSCI World Momentum Factor UCITS ETF USD (Acc),€105.78,€-3.06 (-2.81%),7.99%,27.69%,88.39%
SXR8.DE,iShares Core S&P 500 UCITS ETF USD (Acc),€749.02,€-1.68 (-0.22%),9.88%,20.58%,93.01%
VUSA.AS,Vanguard S&P 500 UCITS ETF,€131.53,€-0.33 (-0.25%),9.37%,19.46%,81.96%
EUNK.DE,iShares Core MSCI Europe UCITS ETF EUR (Acc),€101.62,€-5.54 (-5.17%),1.79%,11.76%,59.08%
CEMR.DE,iShares Edge MSCI Europe Momentum Factor UCITS ETF EUR (Acc),€15.61,€-0.53 (-3.30%),1.79%,11.12%,68.19%
EQAC.MI,Invesco EQQQ NASDAQ-100 UCITS ETF Acc,€474.14,€-2.07 (-0.43%),11.35%,28.79%,119.51%
